CustomerID,CreditScore,Geography,Gender,Age,Tenure,Balance,NumOfProducts,HasCrCard,IsActiveMember,EstimatedSalary,Churn
522,708,Spain,Female,44,2,39122.96,2,0,1,24406.1,1
738,543,France,Female,49,7,8602.32,2,1,1,43420.97,0
741,639,Germany,Male,18,7,11940.65,4,1,1,76205.1,0
661,781,France,Male,31,8,30058.55,2,0,0,70762.45,0
412,705,Germany,Male,24,4,10518.94,3,1,0,88208.29,1
679,749,France,Male,49,1,885.76,2,0,0,54701.83,1
627,605,France,Female,26,10,5627.21,1,1,0,89353.67,1
514,463,France,Male,27,7,3372.64,2,1,0,78390.51,1
860,676,Germany,Male,45,9,162.56,3,1,0,55280.23,0
137,768,France,Female,28,6,5216.55,4,0,0,59720.47,0
812,664,Spain,Male,32,8,8852.04,2,1,0,25326.43,0
77,494,France,Male,39,7,1385.5,1,0,1,66453.58,1
637,554,Spain,Male,47,10,29718.3,4,0,1,65632.96,0
974,669,France,Female,30,5,7482.73,1,1,1,12940.08,1
939,758,France,Male,40,4,15742.64,2,0,1,93607.78,1
900,620,Spain,Female,28,5,939.29,1,1,1,71490.77,0
281,663,France,Female,39,0,6793.04,1,0,0,34269.48,1
884,590,Germany,Female,50,6,23358.69,3,1,1,21870.05,0
762,724,France,Female,39,5,503.97,2,1,0,55296.98,1
320,631,Germany,Female,36,2,1840.65,2,0,0,55878.38,0
550,772,France,Male,30,5,402.15,1,1,0,69228.39,0
175,574,Germany,Female,41,5,10448.54,1,1,1,10000.0,0
372,821,France,Female,43,10,18463.87,3,0,1,65102.69,0
528,804,Germany,Female,38,0,8421.81,2,1,0,104760.43,1
211,525,Spain,Male,44,0,12505.76,1,0,0,25303.35,0
236,813,Germany,Female,45,8,4054.15,2,0,1,37408.74,1
102,360,France,Female,32,7,11190.8,2,1,0,70256.5,1
987,722,France,Female,56,1,129.05,1,1,0,65477.08,1
903,767,France,Male,38,3,32582.33,4,1,0,59624.16,0
948,647,France,Female,29,4,1800.01,1,1,0,41790.62,1
347,394,France,Female,20,8,560.51,1,1,0,10000.0,1
140,720,France,Male,23,0,22782.08,1,0,1,48221.99,0
622,506,France,Male,43,3,6620.62,1,1,1,59258.51,1
500,709,France,Female,21,3,2148.52,1,1,1,45114.13,0
371,632,France,Female,38,2,2789.77,1,1,1,27287.44,1
199,672,Spain,Female,38,5,951.03,2,0,1,36020.9,1
688,670,France,Male,33,2,16048.59,1,1,1,34379.13,0
585,692,Germany,Female,40,4,489.61,2,1,0,12319.35,0
902,616,France,Female,33,2,939.82,2,0,0,32831.69,0
60,612,France,Male,49,3,6653.09,4,1,1,79139.87,1
329,529,France,Male,45,7,2074.51,1,1,0,51047.4,1
97,657,France,Female,41,10,1921.11,1,0,1,14593.28,0
313,789,Germany,Female,47,10,10144.62,2,1,0,58976.38,0
975,648,France,Female,32,7,587.94,1,1,1,31216.36,0
300,682,France,Female,45,7,15451.64,2,0,1,52257.74,0
278,689,Germany,Male,30,9,23635.21,2,0,1,73648.24,0
925,850,Spain,Male,52,4,3388.39,1,1,0,62763.38,1
602,787,France,Female,26,5,14560.69,1,1,1,59573.04,0
440,723,Spain,Male,37,7,6949.02,1,0,0,38833.92,0
838,660,Germany,Female,26,2,13722.03,2,1,0,60476.27,1
571,729,France,Male,38,5,6895.32,1,1,0,25743.22,0
880,569,Spain,Male,52,6,17035.48,1,1,0,10000.0,1
262,657,Spain,Male,37,6,2306.57,2,1,1,51497.63,0
579,576,Spain,Female,20,7,616.23,1,1,0,10000.0,0
24,850,Germany,Female,20,6,7053.1,1,0,0,78194.7,0
31,624,France,Female,30,0,1553.4,2,1,0,16487.78,0
618,574,France,Male,46,0,330.26,2,1,0,81071.56,0
11,781,France,Male,32,2,21767.94,1,1,1,76001.45,0
222,680,Spain,Male,18,6,7055.03,1,0,1,41197.81,0
821,636,France,Male,31,2,22886.52,2,1,1,96601.21,1
297,741,Spain,Male,48,0,39.26,2,0,1,12423.83,0
55,594,Spain,Male,50,2,2284.78,3,0,1,64974.91,0
543,816,France,Female,44,8,7006.14,1,1,1,33970.88,0
210,824,Germany,Male,80,1,2687.72,3,0,1,58023.25,0
605,601,Spain,Female,42,0,12781.55,1,0,1,40349.43,1
693,737,France,Female,25,8,39508.25,3,1,1,28389.33,1
663,437,France,Male,37,5,5522.94,2,0,0,10000.0,1
867,753,Germany,Male,41,1,11302.2,1,0,0,87885.35,0
71,645,Germany,Female,42,3,24632.49,3,1,0,67587.3,0
544,604,Germany,Male,55,8,17731.51,4,0,1,43373.38,1
108,544,France,Male,40,5,44240.13,1,1,1,27450.18,0
494,668,Germany,Male,27,0,297.37,4,1,1,56720.31,0
591,542,Spain,Female,38,5,4870.32,1,1,1,48580.29,0
742,633,France,Female,22,1,8212.44,1,1,1,29045.59,1
293,649,France,Female,30,0,3079.49,2,0,1,54575.32,1
290,434,France,Male,30,4,12120.01,4,0,0,61661.11,1
653,669,Spain,Female,34,3,7511.53,3,1,0,36251.88,1
40,754,Spain,Female,40,3,5846.4,1,1,1,36117.85,0
590,658,Spain,Male,27,3,5530.27,2,0,0,73892.6,0
308,649,Spain,Male,30,7,806.5,1,1,0,30127.66,0
680,606,France,Female,53,7,16483.13,4,1,0,28720.49,1
67,520,France,Male,37,5,6779.97,4,1,1,66048.68,1
276,664,France,Male,43,2,12825.96,1,1,1,45418.87,1
68,766,France,Male,50,0,2135.84,1,1,0,43243.31,1
319,589,Spain,Male,41,6,15285.96,4,1,1,13531.04,1
549,726,Germany,Male,42,7,2348.98,1,1,0,71598.09,1
999,633,France,Male,31,3,2424.14,2,1,0,48391.56,0
715,596,France,Male,37,1,2088.71,1,1,0,41956.18,1
754,466,Germany,Female,50,8,8414.65,2,0,0,78221.19,1
328,635,France,Male,47,6,649.73,3,1,0,37760.73,0
383,850,Spain,Female,18,6,5146.0,1,1,1,56593.89,1
452,820,Germany,Male,49,7,4534.48,1,1,1,10000.0,1
523,627,Spain,Male,30,9,9069.81,2,1,1,34160.26,0
219,566,Spain,Female,32,6,12051.33,4,1,0,55954.28,0
788,574,Spain,Male,43,10,370.18,1,0,0,50189.0,1
437,625,Spain,Female,57,2,1703.29,2,1,1,36490.59,0
765,625,Spain,Male,51,6,6050.61,1,1,1,27950.98,1
89,624,Germany,Female,31,8,7283.02,1,0,0,24984.27,1
64,476,France,Male,23,2,5998.94,2,1,0,21257.31,1
827,540,Germany,Female,56,5,3865.75,1,0,0,98396.53,1
717,683,Germany,Female,39,3,34212.4,2,1,0,97817.2,0
352,469,France,Female,55,8,1873.1,3,1,1,58474.4,1
937,675,Spain,Male,25,0,1792.03,1,1,1,13919.98,1
257,817,Spain,Male,53,8,4737.68,2,0,0,10000.0,0
636,609,France,Male,18,6,11586.53,1,1,0,79124.77,1
645,543,Germany,Male,35,0,10727.98,3,0,0,46337.98,0
555,627,Germany,Female,42,0,9176.29,2,1,0,10000.0,1
960,672,France,Male,43,4,20774.2,2,1,1,40564.41,1
169,709,Spain,Male,35,5,749.53,4,0,0,45257.66,1
918,587,Spain,Male,40,5,19793.71,1,0,1,70780.28,1
529,601,Germany,Male,41,3,25354.11,1,0,0,72059.93,0
824,584,Spain,Male,33,0,19588.57,2,0,0,44765.61,0
986,701,France,Male,24,4,534.77,1,1,1,63514.74,1
817,434,Germany,Male,41,4,6823.99,2,0,0,10000.0,1
87,753,Spain,Male,48,5,12393.3,1,1,1,59005.65,0
433,736,France,Female,34,0,18096.67,2,1,1,105161.72,0
185,551,France,Male,35,0,16280.78,1,1,0,14611.9,1
979,572,Germany,Female,18,9,5678.39,1,1,1,101281.17,1
535,603,France,Female,30,5,671.01,2,1,1,86346.01,0
295,658,Germany,Male,42,4,534.26,4,0,1,52631.97,0
893,606,France,Female,50,2,2623.19,2,1,0,51708.05,1
426,453,Spain,Female,54,3,1911.33,4,1,1,39749.26,1
714,734,Spain,Female,42,7,9338.77,1,1,1,16307.27,1
261,705,France,Male,26,3,14251.19,2,1,0,21451.45,1
238,594,France,Male,40,6,8504.39,3,0,0,67868.29,0
560,622,France,Male,32,5,9902.17,1,1,1,91573.29,1
584,656,Germany,Male,65,2,28249.81,2,1,1,82102.62,1
446,584,France,Male,46,7,26362.77,4,0,1,66038.54,0
868,762,Spain,Male,42,1,16256.29,2,0,1,78662.18,0
801,840,France,Female,49,6,16493.82,3,0,1,80761.5,0
600,577,Spain,Male,42,4,1706.73,1,1,1,58791.56,1
850,692,Germany,Male,31,6,19571.88,2,1,1,25549.42,0
266,508,France,Female,23,4,14955.07,4,1,0,87548.82,0
996,757,France,Male,34,8,7346.44,1,1,1,17618.53,0
530,538,France,Male,27,1,34552.04,3,1,1,75686.98,0
56,582,France,Male,49,1,9856.48,1,1,0,71333.72,1
121,760,Spain,Male,47,0,4132.56,1,1,1,79266.54,0
216,774,France,Male,47,6,1359.46,1,0,0,37396.78,0
26,693,France,Female,39,7,32125.39,4,1,0,30163.51,1
73,657,Germany,Female,37,6,30420.7,1,0,0,43101.21,0
45,632,Spain,Female,20,6,2366.89,2,1,1,64426.8,1
248,573,Spain,Female,30,6,6174.33,1,1,1,48603.7,1
722,624,Spain,Female,18,0,6987.3,1,1,0,25384.16,1
282,634,France,Male,45,5,854.91,1,1,1,32332.33,0
894,639,Spain,Female,52,6,3441.77,4,1,1,53157.81,1
915,469,Spain,Female,36,4,1876.39,2,1,0,21896.95,1
811,601,Germany,Female,35,6,23737.22,1,1,1,50409.36,0
245,585,Spain,Female,23,2,29814.58,1,1,1,42798.43,0
823,627,France,Male,65,1,11574.48,1,1,1,32509.98,1
322,702,France,Male,45,5,6682.1,1,1,0,43321.56,1
644,695,Germany,Female,19,6,14539.36,1,0,0,48977.06,0
159,748,France,Female,23,9,1543.9,3,1,0,42046.04,0
978,744,France,Male,18,1,6242.75,1,1,1,72121.06,0
430,622,France,Female,18,4,7982.34,2,1,0,74955.44,1
942,610,France,Female,48,7,2643.43,1,0,1,60228.52,0
463,629,Spain,Male,29,6,33989.23,4,0,0,43835.72,0
310,697,France,Female,35,6,1079.55,2,0,1,53850.8,1
698,582,France,Female,22,5,2069.1,2,1,1,22380.63,0
61,727,Spain,Female,32,6,8343.69,1,0,1,48529.18,1
885,647,Germany,Male,46,7,1037.47,1,1,0,22782.66,1
596,549,Spain,Female,31,6,6260.07,2,0,1,56424.94,1
768,632,Spain,Male,59,4,19268.89,3,1,0,84579.86,0
650,850,Germany,Male,46,4,25857.26,2,1,1,57378.52,0
651,707,France,Male,60,0,7280.12,2,0,1,48380.69,1
866,483,France,Female,33,5,2456.2,3,1,0,42786.68,1
669,734,France,Male,18,4,33820.26,3,0,1,42796.24,1
299,676,Germany,Female,47,5,16208.72,2,0,0,27964.16,1
690,624,Germany,Female,43,6,2651.41,3,0,0,68303.78,1
315,651,Germany,Male,53,9,6280.61,4,0,0,32565.89,1
311,647,France,Male,35,3,5284.78,3,1,1,47932.56,0
362,707,France,Male,56,2,3527.03,1,1,0,26337.73,0
480,606,Spain,Male,51,8,5854.19,4,0,0,16259.87,0
111,630,France,Female,18,8,11543.11,1,1,0,35188.36,1
990,693,France,Female,38,7,1402.75,2,1,1,81731.39,0
487,508,France,Male,30,3,11108.69,1,0,1,10000.0,0
364,552,France,Male,42,6,1573.89,2,1,1,57030.29,0
255,772,Germany,Female,19,9,5929.45,1,1,0,10000.0,1
260,644,France,Male,47,0,6120.55,1,1,0,46575.26,0
803,579,France,Female,39,5,8116.4,4,0,0,61145.97,1
678,802,Germany,Female,59,0,100.19,1,1,1,17211.27,0
495,804,France,Male,56,8,9626.04,1,0,0,37034.05,0
671,626,Spain,Female,52,7,4649.55,1,1,0,53940.86,0
378,753,Germany,Male,40,0,10505.51,1,1,0,38373.1,0
527,838,Spain,Female,18,4,382.51,2,1,1,70123.33,0
846,547,France,Male,43,7,16487.11,2,0,1,64543.08,0
138,527,France,Female,34,8,14776.91,2,1,0,20653.17,1
356,390,France,Male,25,7,2358.71,2,0,0,20494.21,1
366,634,Germany,Female,33,3,10294.78,2,1,0,64625.53,1
943,676,France,Male,45,6,21311.35,1,1,1,85371.02,0
750,750,France,Male,21,4,12269.13,1,0,0,55793.27,0
949,762,Germany,Male,37,4,5618.23,1,1,1,77693.03,0
830,651,France,Female,34,0,5412.31,3,1,1,45048.51,0
657,666,Spain,Male,38,5,9743.84,2,1,1,35043.02,1
200,786,France,Male,24,8,3047.54,2,1,0,38492.33,0
214,739,France,Female,45,5,20143.71,2,1,0,10000.0,0
409,617,Spain,Female,39,9,4759.47,1,0,1,38231.12,1
333,628,France,Female,38,3,1462.48,1,1,1,60888.66,1
209,509,France,Male,44,2,10194.37,2,1,0,51997.88,1
614,642,France,Male,24,2,7540.31,1,1,1,55767.79,0
79,800,France,Male,39,4,1044.12,1,0,1,89824.1,1
30,547,Spain,Male,34,7,14370.03,1,1,0,79839.66,1
536,490,Spain,Female,38,1,6268.46,2,0,1,38000.88,1
696,843,Spain,Male,34,5,2380.01,2,1,1,10000.0,0
558,569,France,Female,32,4,2832.34,2,1,0,91035.72,0
837,535,France,Female,56,6,4257.48,3,0,0,114649.38,1
597,711,France,Female,34,10,600.03,1,0,1,16908.76,0
166,850,France,Female,42,0,7809.19,1,0,0,83648.38,1
919,633,France,Male,32,6,6483.84,2,1,0,71788.9,0
496,850,France,Female,44,4,7123.48,2,1,1,92959.1,1
825,666,France,Male,32,5,929.64,1,0,0,86370.65,1
66,538,Spain,Female,54,6,8824.58,4,1,1,68614.66,1
142,787,France,Male,53,2,914.76,1,0,1,43040.68,0
926,558,Spain,Male,19,2,8161.72,2,0,0,55043.47,0
828,791,Germany,Male,31,0,1964.18,3,1,0,53396.4,0
656,620,Germany,Female,38,0,6587.32,1,0,0,73592.89,1
332,771,France,Male,27,5,12849.31,2,1,1,79064.34,0
665,779,France,Female,29,5,9258.18,1,1,1,30841.18,0
250,494,Spain,Male,42,4,357.92,1,0,1,83621.35,0
908,537,France,Male,46,8,4225.04,3,1,1,79840.29,0
709,636,Spain,Female,18,2,784.07,3,1,0,61953.51,1
306,560,Germany,Female,39,8,14118.59,2,1,1,66867.37,1
735,729,Germany,Male,50,2,2746.36,2,0,1,112636.22,1
976,611,France,Female,18,3,1171.44,1,0,0,88002.29,0
50,788,France,Female,18,6,2988.11,2,1,0,53785.18,0
897,624,Germany,Male,35,6,17578.29,1,0,1,69910.76,0
3,655,France,Female,45,10,4486.97,2,1,0,67345.59,1
545,589,France,Male,18,4,10906.81,2,0,1,27433.64,1
351,532,France,Female,41,6,8246.11,4,0,0,24645.89,1
905,639,Spain,Female,40,7,6155.06,2,0,0,78023.41,0
537,701,Spain,Male,27,2,2747.59,2,0,0,31960.77,0
345,744,Germany,Female,32,5,542.72,2,1,0,25915.09,0
995,685,France,Male,25,4,6582.15,1,0,1,74285.31,0
482,612,Spain,Male,26,2,4578.23,1,1,1,40004.33,1
576,646,France,Female,18,7,21408.17,2,1,0,49598.65,1
34,714,Germany,Female,25,5,8833.44,2,0,1,10000.0,0
32,483,Spain,Male,60,6,86.56,1,0,0,42004.34,0
232,513,France,Female,40,5,6739.57,1,0,0,29121.89,0
964,714,France,Male,46,2,7997.2,2,1,0,44169.79,1
193,589,France,Female,40,1,7902.04,1,1,0,52282.87,0
334,799,Germany,Female,29,0,18083.7,2,1,0,54162.13,1
4,585,France,Male,56,0,7652.87,2,0,0,79163.21,1
205,654,France,Male,21,5,9758.76,2,1,0,89934.93,0
515,641,Spain,Female,31,4,2843.05,4,1,1,42083.01,1
800,652,France,Female,38,6,1883.54,2,1,0,50456.31,1
307,652,France,Female,53,9,7757.94,2,1,1,34540.87,0
110,841,Germany,Female,37,4,13190.57,2,0,1,41144.84,1
431,680,Spain,Male,23,10,9664.86,1,0,0,66091.72,1
78,607,Germany,Male,34,6,4713.18,2,1,1,40117.91,1
85,688,France,Male,28,4,5214.35,2,1,1,100060.69,0
287,466,France,Male,36,7,25676.71,2,1,1,39407.73,1
83,617,Spain,Female,55,1,2490.65,3,1,1,33733.58,1
992,725,France,Male,18,2,26956.86,4,1,0,57352.05,1
790,784,Germany,Female,18,2,13037.71,2,1,1,54531.35,1
895,641,France,Male,54,4,14795.84,2,1,1,107648.66,1
399,770,Spain,Female,36,10,1118.31,3,1,1,10000.0,1
324,698,Germany,Male,63,2,29222.38,2,0,1,36975.79,1
520,835,Germany,Female,47,5,758.94,1,1,1,73609.63,0
917,571,France,Female,45,7,8444.06,2,1,1,10000.0,1
923,542,France,Female,39,3,49381.47,1,0,0,100930.27,1
6,689,Germany,Female,35,8,6434.69,1,1,0,44891.11,0
732,615,Germany,Male,26,4,543.89,2,1,1,80225.25,0
466,708,France,Male,35,5,4933.7,1,1,1,10000.0,1
98,450,France,Male,41,5,10442.1,2,0,1,33930.59,1
267,638,Spain,Male,57,0,4135.98,2,1,0,85283.92,1
358,689,France,Male,34,6,35104.62,3,1,1,49650.67,0
869,540,France,Male,45,0,8252.55,4,1,0,22191.81,1
799,757,France,Female,38,5,17057.32,2,0,0,10000.0,0
381,717,Germany,Female,27,3,2991.57,1,0,1,65692.01,1
632,565,Spain,Male,56,7,5203.95,2,1,1,54216.28,1
382,601,France,Male,30,1,4113.01,2,0,1,91616.05,1
491,594,France,Female,37,6,12856.7,1,1,1,78042.23,0
119,670,France,Female,51,6,33699.85,2,1,0,53539.89,1
901,719,Spain,Male,42,6,4115.22,1,1,1,25449.51,0
251,683,Germany,Male,22,3,3902.99,2,1,1,31676.85,0
524,554,Spain,Female,44,0,12369.68,4,1,1,10000.0,1
10,596,France,Male,44,4,9048.93,1,1,0,65061.84,1
197,648,Spain,Male,27,5,19390.09,4,1,0,30496.4,1
604,570,France,Male,54,0,8935.62,2,0,1,55901.08,1
82,615,France,Female,42,7,15050.1,3,1,1,51742.61,1
784,726,Spain,Male,45,5,3686.78,1,1,1,42208.1,0
588,613,Spain,Male,27,5,5042.71,3,1,0,69261.59,1
798,570,Spain,Male,46,0,7783.28,2,1,1,55212.3,0
240,812,France,Male,48,6,15796.61,2,0,0,64262.18,1
291,688,Germany,Female,35,5,10755.85,3,1,1,51976.2,1
212,580,France,Female,51,0,20689.21,2,1,1,68075.95,0
718,669,France,Male,39,7,3127.93,4,1,0,16878.86,0
360,668,France,Male,28,1,16230.17,4,0,1,72131.41,0
450,652,France,Male,25,2,10576.47,3,1,0,55996.82,1
228,635,France,Female,25,4,5011.9,2,1,0,72700.57,1
951,472,France,Male,35,1,13348.2,1,1,1,66107.76,1
947,687,Spain,Female,19,5,10108.92,1,1,0,20803.37,0
797,618,France,Female,37,2,6637.3,1,1,0,73200.39,1
502,594,France,Male,60,9,5254.31,2,1,0,23306.94,1
465,591,France,Female,36,1,1540.67,2,1,1,50159.54,1
363,661,France,Male,36,10,1457.5,2,1,1,45445.99,0
469,530,Spain,Female,31,7,20256.97,1,1,1,76402.53,0
936,499,Germany,Female,31,8,1740.55,1,1,0,35306.55,1
429,627,Germany,Male,50,3,5113.76,1,1,1,52692.49,1
8,713,Germany,Female,47,8,5657.52,4,1,1,61103.63,1
156,750,France,Female,29,4,171.15,2,0,1,79277.55,1
542,827,France,Male,24,5,1794.5,2,1,1,97790.15,0
441,716,Spain,Male,42,7,39857.46,1,1,0,65306.75,1
483,822,France,Female,18,0,7464.35,3,1,0,134434.57,1
423,613,France,Female,35,2,12733.63,1,1,0,67058.47,1
779,607,Germany,Male,37,2,7408.39,1,1,1,51519.63,1
950,644,Germany,Male,40,7,3386.35,1,0,0,64165.05,1
335,664,France,Female,49,4,1681.65,2,1,1,10000.0,0
577,488,Spain,Female,40,4,2275.42,2,1,1,114589.34,1
935,850,France,Female,43,8,3291.36,2,0,1,89800.62,1
568,701,Germany,Male,25,3,11822.14,2,1,1,67812.04,1
595,413,Spain,Male,50,3,44542.16,1,1,1,66380.84,0
531,664,France,Female,45,3,7777.31,4,0,1,99351.97,0
582,764,Germany,Male,33,4,3777.35,4,0,1,57901.7,0
708,839,France,Female,59,5,91.4,2,1,1,35137.41,1
449,773,France,Male,31,4,8937.13,2,1,1,37334.13,0
454,850,Germany,Female,44,5,2168.42,2,0,0,16683.04,1
229,746,France,Female,29,3,18852.12,2,1,1,32314.01,0
353,704,France,Male,48,3,2202.61,1,0,1,44193.16,1
729,686,Germany,Male,31,5,14313.17,2,1,1,25311.93,0
213,578,France,Male,49,1,1355.93,2,1,1,52137.83,0
80,735,Spain,Female,18,6,9753.88,1,1,1,86630.26,0
149,809,Spain,Female,44,3,3412.94,2,1,0,41553.06,1
303,632,Spain,Male,46,2,1640.07,1,1,1,50858.33,0
629,656,Spain,Female,38,5,23714.35,3,1,1,29065.48,0
778,646,Germany,Female,35,5,16456.2,4,0,0,49771.02,1
507,719,Spain,Female,30,6,7723.95,4,1,0,36696.4,1
343,693,France,Female,40,7,575.51,1,1,0,77669.36,0
486,743,France,Female,20,5,7428.73,2,0,0,23597.21,1
712,637,Germany,Male,36,0,21916.9,1,1,1,11211.56,0
134,695,Germany,Male,43,0,16656.65,4,0,1,37858.03,0
704,760,France,Male,21,4,18427.29,1,1,1,35851.57,1
312,731,France,Female,51,4,27059.46,2,1,0,78404.78,1
723,723,France,Female,21,6,1559.95,3,1,0,64278.53,1
630,735,Germany,Female,51,0,2122.56,4,0,0,72394.91,0
1,789,France,Male,43,8,10141.85,1,1,1,114970.57,0
317,543,France,Male,46,8,1147.38,3,1,1,36777.09,0
707,717,France,Male,22,1,26063.02,1,1,0,33540.43,1
548,680,Spain,Male,35,6,24327.8,2,1,1,28725.62,1
873,619,Germany,Male,21,7,16547.41,1,1,1,62732.38,0
533,682,Spain,Female,37,7,29007.33,1,0,1,45319.32,0
478,691,France,Female,41,5,15046.7,3,0,1,83464.8,1
405,749,Spain,Female,32,0,8640.87,1,0,0,36414.49,1
173,660,Germany,Male,37,2,6641.53,1,1,0,87386.46,1
126,535,France,Male,64,4,1739.56,2,0,1,76498.75,0
395,613,France,Male,52,5,16017.35,4,1,0,46457.28,1
421,703,Germany,Female,62,5,1824.66,2,0,0,63935.21,0
553,562,France,Female,52,6,34377.96,2,1,1,29367.7,0
904,686,Spain,Female,53,3,16464.22,2,0,0,69964.17,1
91,642,Germany,Male,39,1,41718.24,1,1,1,19849.44,0
940,659,France,Male,31,3,23618.77,2,1,0,66589.95,1
182,789,France,Female,27,3,756.92,1,0,1,70139.37,0
275,771,Spain,Female,26,3,4346.82,1,1,1,44941.53,1
896,612,Germany,Male,45,0,785.32,4,1,0,15016.45,1
70,684,France,Female,30,10,2821.22,3,1,0,29383.74,0
292,850,France,Female,32,5,45213.18,1,0,1,42796.1,1
132,692,Spain,Male,38,10,4600.14,2,1,1,46985.32,0
301,583,Spain,Female,28,7,7127.91,1,0,0,79110.29,0
425,545,Germany,Male,45,4,6232.66,3,1,0,65101.29,0
327,556,Germany,Male,51,4,516.33,4,0,0,47413.43,1
145,632,France,Female,41,7,15669.09,1,1,0,58376.36,0
424,566,France,Female,49,5,900.73,3,1,0,73664.43,1
581,670,Germany,Male,42,0,3990.96,2,0,0,40589.44,0
136,746,France,Male,56,6,29403.53,1,1,1,21870.35,0
451,680,France,Female,37,5,2952.66,1,1,0,87136.93,1
165,752,France,Female,49,2,133.7,4,1,0,65206.68,0
29,711,Germany,Male,30,8,5221.79,1,1,0,51846.59,1
774,669,France,Female,49,8,8712.91,1,1,0,66153.24,1
194,681,France,Female,23,1,937.32,2,1,1,40488.6,0
389,653,Germany,Male,49,6,14821.01,1,1,0,73156.44,0
853,530,France,Male,30,6,8103.46,1,1,1,67342.65,1
170,735,Germany,Male,28,4,11533.92,2,0,1,71239.61,0
706,625,France,Female,45,0,23190.32,1,0,1,88438.78,0
141,620,France,Male,40,7,23833.75,3,0,1,52139.87,1
174,643,Germany,Female,42,7,1617.92,2,0,1,42884.36,1
7,739,France,Male,56,2,16931.28,2,0,1,42738.96,0
746,673,Spain,Female,29,3,58.82,2,1,0,64615.57,1
479,561,Germany,Male,74,1,4818.55,1,0,1,32372.24,0
74,521,Germany,Male,56,5,7615.44,2,1,1,40956.9,0
911,823,Spain,Male,34,2,28783.78,4,1,1,55187.22,1
814,739,France,Female,40,6,5974.81,1,1,0,60775.24,1
239,706,Germany,Female,30,8,2722.51,1,1,1,81946.42,1
146,651,France,Male,47,4,2242.83,2,1,1,64119.73,0
793,633,Germany,Male,41,2,6965.51,4,0,1,47652.41,0
235,569,Germany,Male,63,2,5167.1,4,1,1,49174.37,0
221,531,Spain,Male,65,2,1118.22,2,1,0,55515.77,1
924,673,Germany,Female,29,2,5240.7,2,0,1,53676.92,1
501,727,France,Female,49,1,30107.39,1,0,1,70912.1,0
133,811,France,Female,25,0,14685.09,2,0,1,16496.88,1
991,730,Spain,Male,40,5,2686.2,1,1,1,37567.07,0
775,575,Germany,Female,45,3,7624.55,2,1,0,41980.4,1
186,744,Germany,Female,46,6,17027.71,3,1,0,74446.81,0
42,604,Spain,Male,40,3,2652.93,1,1,1,93076.87,1
697,549,Spain,Male,41,3,15728.16,2,0,1,61459.73,0
109,587,Germany,Male,41,7,4932.96,4,0,1,120605.51,1
589,567,Spain,Female,47,10,2220.9,2,0,0,104836.24,0
57,647,France,Male,27,5,4443.24,1,1,0,37645.25,1
406,574,France,Male,45,5,24229.67,2,1,0,81596.4,1
443,668,France,Male,18,1,3610.64,2,1,0,23056.98,1
758,745,France,Male,40,0,906.03,1,0,0,24600.11,0
998,561,France,Female,45,7,33746.66,2,0,0,64472.75,1
25,822,France,Female,31,7,1773.47,1,1,1,52849.27,0
468,689,France,Male,47,6,3852.52,2,0,1,35525.39,1
540,362,France,Female,31,9,8726.2,1,1,1,69952.28,0
532,473,Germany,Male,18,4,6128.67,4,1,0,59431.58,0
619,607,Germany,Male,43,2,9045.52,1,0,0,53085.73,0
695,662,Spain,Female,45,2,2557.5,1,1,0,31239.75,1
927,396,Germany,Female,31,3,3628.48,1,0,0,63259.23,1
339,611,Spain,Female,42,1,2939.2,2,1,1,21064.61,1
52,689,France,Female,33,4,11064.48,1,1,0,27590.81,0
508,745,Germany,Male,27,3,7107.13,2,1,1,40285.79,1
517,801,Spain,Female,44,4,10526.02,2,0,1,70166.91,0
921,452,Germany,Female,50,1,11368.49,1,0,1,21971.65,1
782,641,Spain,Female,21,3,7697.24,2,0,0,79471.09,1
265,666,Spain,Male,34,3,5428.89,1,1,0,39627.09,0
818,578,Spain,Female,48,3,22513.94,1,0,0,65743.49,0
711,760,France,Male,40,3,11065.9,3,0,1,53813.15,0
683,559,Spain,Female,31,0,19276.85,2,1,0,30335.7,0
833,745,France,Male,25,8,1450.01,2,0,1,23286.98,0
519,547,France,Male,39,4,5407.84,2,1,0,24898.01,1
448,708,Germany,Male,26,4,7972.02,1,1,0,25543.36,1
19,617,France,Female,27,0,20677.84,4,1,0,54835.16,1
716,640,France,Male,51,0,16345.86,1,1,0,49187.97,1
484,610,France,Male,40,4,16544.32,1,1,0,66912.69,0
569,493,Spain,Female,18,3,46716.02,1,1,0,75784.51,1
434,591,France,Female,46,7,2426.61,2,1,0,51991.24,0
368,556,Spain,Male,38,4,27722.88,1,0,1,95814.03,1
84,850,Spain,Male,31,7,1798.04,2,1,1,41833.81,0
62,365,France,Female,35,6,24859.79,1,1,1,44476.71,1
639,850,France,Male,22,5,16684.77,1,1,1,83809.06,0
273,540,Germany,Male,51,4,2208.92,1,1,1,47905.42,1
286,516,France,Male,18,8,4720.21,4,1,1,20564.59,0
361,648,France,Female,44,6,15513.35,2,0,1,71975.35,0
355,592,France,Female,37,3,9001.63,1,0,0,78506.26,0
457,725,Spain,Male,36,7,14362.73,1,1,1,63615.61,1
279,669,Spain,Male,38,5,1354.04,1,1,0,73829.41,0
13,850,Germany,Male,40,10,9271.1,1,1,1,44305.73,0
183,741,Spain,Male,25,2,9857.29,1,1,0,74395.58,0
369,605,Spain,Female,39,8,11774.2,3,1,1,11743.02,1
882,811,Spain,Female,31,8,7876.41,3,1,0,44485.85,1
616,850,Spain,Male,39,3,212.61,1,0,0,57658.69,1
224,691,France,Female,18,5,27514.23,2,0,1,64514.19,0
573,679,France,Male,41,4,5808.96,2,1,0,53719.52,1
971,709,France,Male,39,1,32599.96,4,0,1,55178.49,1
654,614,Spain,Male,24,7,1356.74,2,1,0,37248.4,1
546,696,Germany,Female,28,3,4130.46,2,1,0,117458.22,0
583,548,Germany,Male,45,3,7176.21,1,1,0,64597.08,1
634,752,France,Female,32,8,4266.2,1,1,0,49057.82,0
177,480,France,Male,38,2,20588.12,3,0,1,13901.86,0
666,647,Spain,Male,39,8,3551.42,1,0,0,48030.29,0
674,557,France,Female,33,4,15162.72,2,1,0,62765.02,1
586,719,Spain,Female,40,6,4342.21,2,1,1,36082.05,1
874,727,Spain,Female,29,8,3491.34,1,1,1,34598.22,0
394,663,Spain,Female,59,1,1641.8,4,1,0,30951.47,1
164,485,Spain,Female,28,3,17296.72,1,1,1,12884.88,1
249,673,France,Female,59,2,3668.52,2,1,0,40565.34,1
635,616,France,Female,25,0,3081.96,2,1,1,55846.63,0
886,678,France,Female,60,6,2640.68,1,0,1,64036.82,0
670,704,France,Male,51,2,1399.92,1,1,0,53761.86,0
376,629,France,Male,28,6,5150.45,1,1,0,31645.95,1
413,695,France,Female,19,5,20160.65,2,1,0,68925.8,1
75,749,France,Male,18,8,9984.35,1,1,0,48427.65,1
114,699,Germany,Female,67,2,3302.9,1,1,0,59976.1,1
599,652,Germany,Male,32,3,5728.26,2,0,1,71938.69,1
962,678,France,Female,53,7,16352.35,4,1,0,72669.68,1
391,695,Germany,Male,27,9,1665.42,2,1,1,54552.46,1
105,760,France,Female,36,7,818.9,1,1,0,88170.32,1
115,665,France,Male,35,4,5295.45,3,1,0,16998.07,1
418,676,Spain,Female,39,3,13490.35,2,1,1,53499.55,0
526,758,France,Female,18,3,7302.38,1,0,0,105267.24,0
458,688,Germany,Male,25,10,12503.92,2,1,0,61235.84,0
410,624,Germany,Male,44,6,18524.33,2,1,0,78029.7,0
93,722,France,Male,29,5,3360.38,2,0,0,10000.0,0
931,527,France,Female,31,3,18131.68,1,0,0,108640.6,0
90,630,Germany,Male,44,4,879.71,1,0,0,28622.61,1
337,588,France,Female,28,7,2863.19,2,1,1,37985.64,1
989,585,France,Male,35,3,6484.54,1,1,1,33597.57,1
922,724,France,Female,25,8,769.62,2,0,0,84503.47,1
934,639,Spain,Male,18,10,3380.59,1,1,1,20488.49,0
606,554,France,Male,60,3,28349.57,2,1,0,27106.12,0
594,740,Germany,Male,42,3,7034.31,2,0,1,35182.43,0
612,493,France,Female,37,1,1218.76,1,0,0,26793.35,1
95,723,Germany,Male,33,6,1159.52,4,1,1,101354.85,1
12,669,Spain,Male,32,2,5292.32,2,1,1,24528.25,1
397,515,Germany,Male,18,6,2111.92,1,0,1,69768.98,1
534,635,Germany,Male,23,5,11196.62,3,0,1,75816.44,0
44,646,Germany,Male,34,7,8877.79,4,0,0,10000.0,1
43,757,Germany,Female,36,4,16774.06,2,1,1,90981.41,0
330,709,France,Female,45,4,330.1,3,0,0,115916.73,0
168,706,France,Male,60,10,6910.85,1,1,0,84004.2,1
498,770,Spain,Male,35,5,4453.87,2,1,0,47841.55,1
877,593,Germany,Male,31,7,4763.53,2,1,1,78584.04,1
598,850,France,Female,26,2,3041.83,2,0,0,39102.46,0
757,636,France,Female,43,4,13453.95,1,1,0,37625.89,1
101,749,France,Female,21,6,14997.83,2,1,1,71504.57,1
427,850,France,Male,26,3,4117.0,1,0,0,48229.08,0
179,551,France,Male,34,6,1710.3,1,1,1,60289.14,0
445,689,Spain,Female,22,2,4307.93,1,1,0,65573.6,1
417,655,Germany,Male,56,0,7855.39,1,0,1,49954.28,1
871,539,France,Male,35,8,10842.96,2,1,0,81867.1,1
883,526,Spain,Female,32,8,10831.31,2,0,0,56172.65,0
681,690,France,Male,46,4,14761.02,2,0,0,66633.36,0
178,640,France,Female,55,8,9496.31,3,1,0,61121.34,1
396,668,Spain,Male,32,0,12283.62,1,0,1,71945.65,0
912,850,Spain,Female,40,0,38.38,1,0,0,61141.95,1
794,717,Spain,Male,22,5,12926.88,2,0,0,79075.02,1
961,644,Germany,Female,45,9,27922.9,1,1,0,128944.28,1
685,532,France,Male,23,0,537.52,3,0,1,10000.0,1
384,589,Spain,Male,31,5,525.83,3,0,1,36030.01,0
957,436,Germany,Male,42,4,6994.34,3,1,1,56937.9,1
752,717,Germany,Female,21,5,3156.48,2,0,1,82210.84,1
258,691,Germany,Female,29,3,2987.12,2,0,1,26232.73,1
539,533,France,Male,50,2,6078.24,2,1,0,70787.47,0
336,616,France,Male,36,3,3583.56,2,0,1,33025.49,1
16,669,France,Male,31,2,1558.5,1,1,1,75380.52,0
325,656,Germany,Male,25,0,8669.57,3,1,1,23739.06,0
759,811,France,Male,27,2,11061.03,2,1,1,10000.0,0
223,713,France,Female,46,2,16853.75,1,1,1,58118.96,1
180,539,France,Male,70,3,32791.05,1,1,0,26464.92,1
984,736,Germany,Male,37,3,3804.83,1,0,1,42240.08,1
23,647,France,Male,38,4,3856.86,2,0,0,48554.08,0
357,595,Spain,Female,37,6,1236.74,3,0,0,60467.61,1
667,550,France,Female,34,2,5290.17,1,1,0,34078.87,1
862,731,France,Female,19,3,4334.17,1,0,0,74023.3,0
341,666,Germany,Female,28,7,5232.49,3,0,1,49041.9,0
432,731,Germany,Male,18,0,10891.28,1,1,0,101933.59,1
552,629,France,Male,36,9,17579.97,2,0,0,71015.17,0
834,678,France,Male,28,7,3512.28,2,1,1,58635.35,0
204,704,Spain,Female,50,4,1066.56,1,1,0,78320.12,0
631,698,Germany,Male,18,0,9556.27,2,1,0,73132.05,1
94,655,France,Female,34,8,8814.27,2,1,1,63614.56,0
559,799,Spain,Female,42,3,6154.73,2,0,1,51644.72,0
69,603,France,Female,42,5,6235.02,2,1,0,55442.96,1
623,741,Spain,Male,60,7,657.14,2,0,0,35268.66,0
285,571,France,Female,63,2,37503.15,2,1,1,22989.82,0
845,665,Germany,Female,39,3,4240.78,3,1,0,38524.21,0
435,633,Spain,Male,56,2,1283.81,1,0,0,10000.0,1
154,517,Germany,Female,40,5,8575.32,1,1,0,61692.25,1
76,600,Germany,Female,47,1,7829.42,1,0,1,38803.06,0
731,627,France,Male,40,4,4561.58,1,0,0,63386.47,0
447,597,France,Male,42,6,678.79,2,0,1,30324.09,0
189,705,Germany,Female,27,0,6068.9,2,1,0,83800.98,0
272,710,France,Male,20,2,19142.16,1,0,0,14911.03,0
237,817,Germany,Female,18,1,6771.32,2,1,1,45690.63,0
488,473,France,Female,25,0,3139.43,1,1,0,24369.52,0
118,644,France,Male,23,9,21152.18,1,0,1,48573.47,0
944,615,Spain,Female,36,2,3978.77,2,0,0,28145.02,1
513,578,France,Male,35,9,6175.06,2,1,0,28392.87,0
826,694,Spain,Male,55,6,20024.43,1,1,0,10000.0,0
592,357,France,Female,32,3,24700.13,1,1,0,27739.11,1
127,680,Germany,Female,26,10,15610.44,2,1,0,20145.33,1
117,850,Spain,Female,37,3,198.47,2,1,1,82139.56,1
474,651,France,Male,54,5,3732.58,2,1,0,25877.67,1
694,515,France,Male,45,7,1692.39,1,1,0,89738.08,0
58,767,Spain,Male,34,5,54364.71,2,1,0,57096.11,0
864,475,France,Male,59,5,755.17,3,0,1,32888.99,1
913,713,France,Male,40,0,2719.73,2,0,0,60587.7,1
370,561,Germany,Male,28,5,1694.27,2,1,0,46939.1,0
269,576,France,Male,32,2,2293.87,1,1,1,41834.66,1
47,715,France,Male,32,3,9889.43,2,1,1,53878.88,0
350,627,France,Female,35,2,7486.76,2,0,0,46006.29,0
196,694,France,Male,42,3,19192.62,3,1,1,90927.06,1
1000,575,France,Female,44,1,16665.62,3,1,1,38620.71,0
835,588,France,Female,37,2,8492.95,1,1,1,40395.46,1
737,544,France,Female,41,3,2031.12,1,1,1,97378.72,0
264,557,Spain,Male,25,1,213.77,1,1,1,52072.8,0
444,520,Germany,Male,36,0,10167.31,1,1,0,58578.96,1
676,617,France,Female,28,6,834.51,3,1,1,84985.45,0
305,703,France,Female,37,3,4715.59,1,1,0,73687.8,1
342,650,Germany,Male,40,9,43102.26,2,1,0,70469.15,0
967,630,Germany,Female,29,1,5082.93,2,0,0,57320.72,1
150,565,France,Female,41,0,30419.87,2,0,1,50055.79,1
125,813,Spain,Female,45,8,1585.37,3,1,0,54165.95,1
787,619,Germany,Male,48,0,2847.7,4,1,1,63174.53,1
51,587,France,Male,41,3,20174.93,1,1,0,35526.21,1
354,725,Germany,Male,36,0,3839.25,2,0,0,50263.64,1
928,621,Germany,Male,42,6,904.25,2,0,1,47011.03,0
143,634,Spain,Female,18,0,27566.1,2,1,1,69321.2,1
471,769,France,Male,34,7,4310.7,1,1,1,72851.93,1
400,584,Spain,Female,52,2,9894.17,4,1,1,124820.26,0
626,758,France,Female,31,6,57601.26,2,0,1,47070.7,1
321,655,France,Female,39,0,7179.74,3,1,0,10000.0,1
20,692,France,Female,21,3,2698.09,1,1,1,51492.3,1
810,739,France,Female,27,7,4124.88,1,1,0,60145.6,0
791,462,Spain,Male,43,5,2227.31,1,1,1,41188.66,0
809,491,Spain,Male,53,8,10199.16,2,0,0,46378.33,1
408,800,Spain,Female,36,4,1917.64,2,1,0,30395.9,0
538,596,Spain,Male,33,10,6345.09,3,1,0,53471.4,0
621,661,Germany,Male,28,4,34678.08,2,1,1,90753.25,0
39,672,France,Male,22,0,12660.9,2,1,0,45986.01,1
176,621,France,Male,47,5,1892.09,1,1,1,57200.71,0
246,527,France,Female,33,3,3639.87,2,1,1,60775.57,1
829,640,Germany,Male,32,3,2736.08,3,1,1,47599.98,0
668,599,France,Female,56,9,2455.17,2,1,0,68525.42,0
755,701,Spain,Female,26,3,21346.07,2,0,0,44159.83,1
859,678,Germany,Female,31,6,11846.01,1,1,1,75549.07,0
155,814,France,Male,41,2,10360.6,1,0,1,82765.15,1
288,700,Germany,Male,45,5,7870.73,1,1,0,37771.1,1
603,585,Spain,Male,48,8,3123.67,2,1,0,90660.77,1
570,597,France,Male,33,5,3255.79,1,1,0,59704.64,1
744,766,Germany,Male,38,5,5451.58,1,0,1,64838.49,1
18,601,France,Female,41,8,168.12,1,1,1,115171.48,0
128,574,France,Male,31,10,9578.7,1,0,1,24683.89,0
323,642,Germany,Male,28,8,9810.73,2,1,0,61008.85,1
256,529,Germany,Female,32,7,33673.15,3,0,0,35868.53,1
658,781,Germany,Male,37,10,100.98,2,1,1,28280.81,0
965,705,Germany,Male,36,4,17480.58,2,1,0,38719.53,1
191,660,Germany,Female,32,4,1421.06,1,1,0,48968.8,0
116,686,Spain,Male,41,5,2669.98,3,1,0,44031.18,0
617,679,France,Female,39,6,12831.57,1,1,0,52315.69,1
607,662,France,Male,28,8,21339.85,1,0,1,56240.24,0
181,667,France,Male,45,8,7305.7,2,1,0,78024.18,0
302,749,France,Male,31,6,3567.71,1,1,1,73141.92,1
760,781,France,Female,46,3,5281.48,2,1,1,23616.9,1
713,432,France,Male,31,2,6160.79,2,1,0,105358.25,1
724,711,France,Female,46,6,5835.15,2,0,1,31912.83,1
686,768,France,Female,46,4,15271.61,4,1,1,61347.63,0
980,690,Germany,Female,47,5,16078.98,1,1,1,32654.89,0
518,713,France,Male,26,9,17402.14,2,1,1,10000.0,1
985,745,France,Male,37,2,14871.99,1,0,0,72026.55,1
46,738,Spain,Female,29,5,2701.31,1,0,0,45549.42,1
910,664,Spain,Male,63,1,8281.98,2,1,1,72552.28,1
158,850,Germany,Female,43,5,456.13,3,0,1,82230.08,0
852,827,Spain,Male,31,5,2919.59,4,1,0,68162.79,1
172,678,France,Male,28,4,14488.03,4,1,1,110469.44,0
17,584,France,Male,25,2,982.3,1,0,0,52699.6,0
512,630,Germany,Female,37,2,2106.4,1,1,1,69537.43,0
49,797,France,Male,42,4,5372.17,3,1,1,52939.72,0
972,355,France,Male,29,10,3751.95,1,1,1,44018.17,0
941,680,France,Female,22,5,36923.72,1,1,1,55119.95,0
516,637,Spain,Male,47,5,10363.07,1,1,1,84362.12,0
953,559,France,Female,22,0,45356.39,3,1,0,63083.09,1
481,722,Spain,Female,36,6,4719.1,3,0,0,50499.89,1
284,745,Spain,Female,23,0,28782.41,2,1,1,52096.81,0
719,720,France,Female,33,4,6828.52,1,1,0,99592.6,1
878,629,Spain,Male,40,6,3606.37,1,0,1,54621.47,1
226,637,France,Female,51,0,30013.32,2,0,1,49392.84,1
27,653,France,Female,24,2,19077.19,4,1,0,26872.88,0
955,590,Germany,Male,37,6,4385.29,2,0,0,42262.25,1
438,810,Germany,Female,21,4,36793.28,1,0,1,29962.9,1
952,776,Spain,Male,42,10,6040.68,3,0,1,53661.89,0
365,769,Spain,Male,46,3,11954.48,2,1,1,43174.83,1
230,850,France,Female,46,1,6792.1,1,1,1,105246.39,0
38,503,Spain,Male,18,7,5493.7,1,1,1,54797.24,1
966,658,Germany,Female,55,4,3616.93,1,0,1,46729.99,0
375,797,Germany,Female,63,3,12149.67,1,0,1,34248.79,1
470,694,France,Female,31,4,21307.41,4,1,1,69707.29,0
968,634,Germany,Male,59,6,3811.33,2,1,0,10000.0,1
851,585,France,Male,30,0,10045.3,2,0,1,12569.19,1
705,690,Spain,Male,19,8,8088.29,1,1,0,48108.22,1
842,461,Spain,Male,46,0,13643.07,2,0,0,93807.3,1
195,490,France,Female,40,6,5412.57,2,1,0,34238.54,1
855,750,Germany,Male,55,0,10654.75,4,0,1,30249.57,0
865,780,France,Female,30,8,15612.74,1,1,1,16805.03,1
504,649,France,Female,44,5,541.5,2,1,1,69817.78,0
970,763,France,Female,20,6,3362.84,1,1,1,34077.94,1
831,720,France,Male,21,9,2892.73,2,1,1,39093.42,1
580,568,France,Female,51,2,21946.21,1,0,0,58309.42,0
969,630,France,Female,37,3,6299.61,2,1,1,10765.26,1
163,511,Germany,Male,51,8,10964.56,1,1,1,57843.08,1
909,530,Spain,Female,45,0,1755.26,1,1,1,41442.38,0
153,586,Spain,Female,29,5,7712.84,3,1,1,32772.21,1
802,643,France,Female,31,7,11805.12,2,1,1,63187.02,0
994,720,Germany,Female,29,7,12371.33,2,1,0,86542.93,1
756,787,France,Female,69,5,28456.86,1,1,1,55049.98,1
112,671,Spain,Female,37,9,2383.6,3,1,1,58176.81,0
227,654,Spain,Female,38,3,7672.01,4,1,0,90974.01,0
689,678,France,Male,46,4,7102.51,2,1,1,22467.84,0
104,636,France,Male,28,8,22299.77,2,0,1,68127.03,0
422,757,France,Male,59,0,15966.23,3,1,0,65805.41,1
420,700,Spain,Male,38,6,9332.24,1,1,1,16843.45,0
751,379,France,Male,26,7,25262.06,2,1,1,26815.67,0
587,667,France,Female,32,4,19419.22,1,1,1,60719.03,0
781,509,France,Male,40,0,1381.88,1,1,1,52031.93,0
673,610,Spain,Male,33,7,2507.45,1,0,1,49396.77,0
120,755,Spain,Male,47,5,4178.98,3,0,1,61881.47,0
54,676,France,Female,45,4,6692.36,1,0,0,55856.48,1
152,434,Germany,Male,42,6,1624.12,3,1,1,38569.54,1
404,721,Spain,Female,38,7,4946.87,2,1,1,47160.2,0
946,613,Germany,Female,25,3,20404.13,2,0,0,38682.75,1
208,583,France,Male,44,5,2661.69,2,0,1,37234.79,1
659,549,Germany,Female,40,6,2167.15,2,1,1,65336.5,1
844,659,Germany,Female,42,3,1396.28,1,1,1,30780.84,0
763,657,Spain,Male,68,4,2120.33,2,1,0,75259.48,0
9,754,Spain,Male,32,6,15915.52,4,0,1,70393.86,0
808,700,France,Female,32,2,7437.51,4,1,1,80366.67,0
37,527,Spain,Male,40,2,74.91,4,0,1,30100.74,1
453,674,Spain,Female,26,0,18558.53,3,1,0,44481.78,1
652,682,France,Female,51,7,1245.03,1,1,1,52323.39,1
254,687,Germany,Female,50,0,4409.25,2,1,0,74446.19,1
304,574,France,Male,45,0,3350.18,4,0,1,40937.52,0
747,747,Germany,Male,40,0,817.63,1,0,0,55945.74,1
572,524,France,Female,58,6,3997.77,3,1,0,16178.35,1
624,583,France,Female,54,0,8022.66,1,1,0,18664.96,1
733,648,France,Male,42,8,14062.22,2,1,1,10000.0,1
892,650,Germany,Male,44,5,5758.65,4,1,0,91196.94,0
263,703,France,Female,18,8,12354.5,1,0,0,10000.0,1
611,620,Germany,Female,45,5,8045.34,1,1,1,15888.23,0
298,620,France,Female,41,4,75252.03,3,1,1,74892.34,0
415,585,France,Male,41,0,25231.39,3,1,0,10000.0,0
151,550,Germany,Female,41,2,511.46,2,1,0,43133.91,1
789,681,Germany,Female,37,5,1074.15,1,0,1,73573.47,0
641,652,Germany,Female,33,0,7724.52,3,1,1,101301.83,1
890,648,Spain,Female,51,8,5363.27,4,1,0,20644.94,1
551,639,France,Male,39,6,13521.2,2,0,1,45306.82,0
887,569,Spain,Male,45,3,12340.88,1,1,0,64071.36,1
489,497,France,Female,58,3,3250.69,1,1,1,52873.54,0
148,505,Spain,Male,22,4,18980.05,2,1,0,63555.08,1
147,540,Germany,Male,23,3,16353.67,1,0,0,44697.76,1
721,701,Spain,Female,41,5,8190.2,3,1,0,60427.38,1
932,699,France,Female,60,8,8493.69,3,1,1,14998.22,0
740,821,Germany,Female,50,3,4403.58,3,1,0,42359.19,1
660,763,Spain,Female,36,4,6759.57,2,1,1,49187.4,0
349,513,Spain,Male,29,3,7173.14,1,1,0,27778.51,0
464,564,France,Male,40,5,6018.73,3,1,0,68378.3,1
326,452,France,Female,23,4,7770.01,1,1,0,71152.96,0
187,551,Germany,Male,43,0,38607.29,1,1,0,43240.72,1
124,535,France,Male,21,0,17454.86,1,0,1,43296.52,1
854,741,France,Female,52,7,7498.86,1,0,0,89612.36,1
609,682,Germany,Female,18,0,14901.12,1,1,0,45392.77,0
144,662,Spain,Female,40,5,17460.3,2,1,0,69579.0,0
959,755,Germany,Female,44,6,13065.23,4,1,1,46541.62,0
198,705,Germany,Male,39,2,1045.14,3,1,0,68381.73,1
610,624,France,Female,55,6,8258.67,3,0,0,44854.0,1
280,619,France,Male,33,7,1966.47,1,1,0,69726.88,1
294,733,Germany,Male,48,2,11149.23,2,1,1,25211.82,0
401,545,France,Male,18,0,1293.94,3,1,0,93646.47,0
123,713,Spain,Male,54,5,11402.18,3,1,0,64613.1,0
184,492,France,Female,43,2,2919.56,1,0,1,50221.44,1
203,662,France,Female,50,5,12729.54,1,1,1,39880.12,0
439,699,France,Male,18,9,18485.73,3,1,1,40038.87,0
247,653,France,Male,32,8,1849.56,2,1,0,47160.94,1
416,742,Germany,Female,29,6,996.54,4,1,1,57429.0,0
933,603,France,Male,20,6,71400.64,3,0,0,47404.69,1
766,565,France,Female,29,7,3590.52,3,0,0,13932.13,1
907,492,Germany,Female,21,2,27098.78,1,0,0,48313.84,1
836,686,France,Female,40,1,5831.34,2,1,0,30946.66,0
888,692,France,Male,33,7,17358.2,2,1,0,46556.47,0
130,682,France,Male,31,4,9743.09,1,1,0,36271.03,0
638,692,Spain,Female,38,6,3120.39,1,1,0,45768.14,0
403,768,Germany,Male,38,0,15172.33,4,1,0,31169.91,0
785,658,France,Male,44,7,20366.98,1,1,1,16774.81,0
771,654,Germany,Male,46,5,1249.99,1,1,0,65963.58,0
736,488,Germany,Male,43,8,3908.59,2,1,0,38708.97,1
914,700,France,Female,56,6,27878.67,1,1,1,10000.0,1
220,850,France,Male,38,7,14224.11,1,0,0,28980.7,1
642,791,Germany,Female,58,9,731.62,2,1,1,10000.0,0
916,595,Spain,Male,41,6,1201.85,1,1,0,52563.54,1
753,584,France,Male,26,10,4628.16,4,1,0,34143.13,0
807,676,France,Female,40,2,10959.12,1,0,0,60259.58,0
920,602,Spain,Male,40,4,52147.59,2,1,1,58179.26,0
625,837,France,Male,57,5,18394.56,2,1,0,59897.86,0
875,781,Germany,Female,37,3,8467.95,4,1,1,90426.12,0
761,813,France,Female,31,0,6362.02,2,1,0,41902.28,0
387,780,Spain,Male,42,6,5124.44,1,0,0,37389.43,0
973,715,France,Female,48,2,1031.9,1,0,0,86953.03,0
510,797,France,Male,28,5,13655.15,1,1,0,59451.16,1
268,559,Germany,Female,20,6,8295.1,1,1,1,69633.64,0
820,551,France,Male,50,7,5286.48,2,1,1,63921.87,0
442,767,Germany,Female,37,0,1024.5,1,1,0,11014.11,0
497,850,Spain,Male,25,7,7891.07,2,0,1,45270.25,0
113,737,France,Female,38,2,2731.19,2,1,0,35448.47,0
692,602,Spain,Male,51,0,12988.8,1,1,1,50584.63,0
233,641,France,Male,38,4,18759.13,3,1,0,91322.83,1
870,608,Spain,Male,62,6,13504.76,2,1,1,20806.06,1
608,812,Spain,Male,23,0,7240.03,1,1,0,10000.0,0
672,613,Spain,Male,18,4,261.79,3,1,0,54873.88,1
374,488,Spain,Male,49,7,752.87,4,0,1,58657.82,1
982,512,France,Male,43,4,5556.81,3,1,1,43189.33,1
843,595,France,Male,24,5,1648.51,3,0,1,10000.0,0
234,850,Germany,Male,30,5,17834.43,4,1,0,101944.44,1
786,504,France,Female,50,6,14443.29,1,1,0,31441.8,1
677,771,France,Female,24,5,6433.16,1,0,1,44086.57,1
318,619,Spain,Male,34,0,20869.34,1,1,1,69439.9,0
649,768,Germany,Male,35,9,12516.16,1,1,1,35544.7,1
411,782,France,Male,46,2,10334.23,2,1,0,90002.45,1
899,706,Germany,Male,52,7,9064.99,4,1,0,41878.55,1
710,552,France,Male,58,2,2881.6,2,1,0,35569.28,0
359,502,Germany,Female,41,4,222.27,1,0,1,41662.84,1
259,579,Germany,Male,43,4,2790.09,2,1,0,10000.0,0
745,557,France,Female,44,6,8257.9,1,1,0,50076.5,1
628,778,France,Female,36,3,3861.02,2,1,0,41352.32,0
633,585,France,Male,36,4,419.5,1,1,1,66908.93,0
283,720,France,Male,57,1,2181.31,3,1,0,17671.94,1
377,583,France,Female,48,5,25262.29,2,1,1,13837.54,0
385,724,France,Female,28,6,6862.02,2,0,1,61681.31,0
225,631,Germany,Male,32,1,7205.55,3,0,1,80230.77,1
954,584,Germany,Female,55,3,563.01,2,1,1,29985.24,1
815,623,Spain,Female,50,4,14120.47,2,1,0,54348.68,0
473,636,France,Male,19,2,12893.78,1,0,1,90396.81,1
348,743,Germany,Female,21,1,18105.74,2,0,0,18275.44,0
506,604,France,Female,32,1,12629.5,3,1,1,76445.03,1
640,543,France,Female,22,5,569.51,1,0,1,10000.0,1
988,701,France,Female,48,10,15874.04,2,1,1,40612.28,0
929,760,Germany,Male,56,6,14.29,1,1,0,49135.89,0
906,694,France,Female,38,10,2530.91,1,1,1,89240.71,1
620,764,France,Male,40,1,7747.78,2,1,0,13544.67,0
856,582,France,Male,31,2,2655.13,2,1,0,67320.38,1
804,498,France,Female,32,3,12024.0,3,1,0,10000.0,1
646,692,France,Female,34,1,17366.83,1,0,1,75160.28,0
847,776,Germany,Female,41,8,2828.25,3,1,0,55467.96,1
557,741,France,Male,32,6,282.36,4,1,1,95190.77,0
958,850,Spain,Male,43,4,3797.04,1,1,1,58004.7,0
578,766,Spain,Female,47,4,20664.16,2,1,0,16744.34,0
796,574,France,Female,50,3,5214.93,2,0,0,67739.99,0
86,693,France,Male,31,5,26116.32,4,1,1,42310.71,0
243,591,Spain,Male,44,8,1129.68,1,1,0,42179.09,0
699,701,Spain,Male,49,9,689.86,1,1,0,74715.22,0
160,617,France,Male,45,0,141.14,1,1,1,65018.33,0
525,612,France,Female,28,9,73.85,1,1,0,47790.67,0
36,807,France,Female,23,2,7298.43,4,0,1,33002.79,0
541,647,Spain,Female,48,4,4412.54,2,1,1,14395.81,1
171,725,Germany,Male,27,5,6996.09,2,0,0,10000.0,0
655,683,France,Male,68,5,8976.98,1,0,0,57181.81,1
891,704,Germany,Female,47,1,935.86,1,1,0,41101.63,0
858,624,Germany,Female,43,5,3701.49,2,1,1,79761.87,0
848,563,Germany,Female,67,4,653.42,2,0,0,45829.63,1
945,712,Germany,Female,60,7,1197.31,2,0,1,47203.82,0
734,619,France,Female,18,1,31049.93,3,1,1,76604.27,1
96,641,Spain,Male,20,2,33766.02,1,1,0,53695.52,1
564,738,France,Female,34,2,8323.0,2,0,1,46876.96,0
241,612,Germany,Male,28,4,6664.72,1,1,0,52543.08,1
743,657,France,Female,30,7,4885.14,3,1,0,34991.53,0
575,696,France,Female,47,3,11526.75,1,1,1,52184.79,0
691,708,Spain,Female,33,10,18664.61,1,1,0,75182.61,0
461,636,Spain,Female,61,2,20228.58,2,1,1,39184.06,1
554,567,Spain,Male,41,5,22057.89,1,1,0,37677.04,0
889,602,France,Male,45,0,19451.14,1,1,0,69505.04,1
207,579,Germany,Male,44,4,15554.89,2,0,0,33630.76,0
393,850,France,Female,22,10,4673.72,4,0,1,60898.69,0
795,671,Spain,Female,25,3,1201.71,3,1,0,39969.77,1
398,552,France,Male,54,3,4568.46,1,1,0,49449.25,1
767,850,France,Female,37,5,4845.39,2,1,1,62001.59,1
849,746,Germany,Male,30,3,1412.29,2,0,0,49700.07,1
218,677,Germany,Male,35,0,1753.78,1,1,0,97231.97,1
5,719,Germany,Female,35,8,55792.21,4,0,0,72283.6,1
769,662,France,Female,30,6,13822.98,1,1,0,81658.26,0
643,642,France,Female,34,3,27186.01,2,0,1,34322.68,0
930,845,Spain,Male,37,2,5970.8,2,1,0,72642.94,0
613,738,France,Female,41,2,1348.32,1,1,0,70241.44,0
739,745,France,Female,57,10,1682.31,2,1,0,15689.76,1
547,550,France,Male,44,4,27414.47,1,1,0,56051.77,1
726,758,Spain,Male,35,8,7377.91,2,0,1,25723.45,0
684,682,Spain,Female,43,1,11494.07,4,0,0,58309.31,1
99,741,Germany,Male,38,8,2816.4,2,1,0,38528.08,1
805,469,Germany,Male,32,7,5310.58,2,1,0,31988.62,1
728,730,Germany,Female,42,8,85.32,2,1,1,36118.17,0
574,514,France,Female,35,0,19445.62,1,1,0,45718.59,0
407,507,Germany,Male,25,0,8076.59,1,1,1,56562.57,1
503,568,France,Female,21,4,6286.4,1,1,0,31231.99,1
48,492,Germany,Female,50,6,17716.02,1,1,0,40042.92,0
33,689,France,Male,37,0,201.75,4,0,1,53607.75,1
780,580,Spain,Female,45,5,1241.45,2,1,1,98157.15,1
840,629,Spain,Male,35,3,14138.27,1,1,1,78444.42,0
201,662,Germany,Male,42,6,20775.72,1,1,1,75756.24,0
135,625,France,Female,26,3,5114.2,2,1,0,12803.46,1
28,662,Spain,Male,42,4,19935.55,3,0,1,38744.95,1
881,746,Germany,Male,68,5,26581.43,2,1,0,10000.0,1
231,594,France,Female,29,3,6384.74,3,1,1,58174.86,0
490,776,Germany,Female,48,4,27092.48,4,0,0,85683.22,1
773,587,Spain,Female,45,5,25352.29,4,1,0,58302.04,1
379,589,Germany,Female,64,10,947.71,4,1,1,77112.51,1
289,539,Germany,Female,41,0,3143.58,2,1,0,36550.54,0
419,802,Spain,Male,52,3,14143.93,1,1,0,51347.43,0
675,811,France,Female,21,4,2246.14,2,1,1,30108.62,0
392,582,France,Male,43,9,4565.76,2,1,1,24100.95,1
593,693,France,Male,43,2,14352.09,1,1,1,35892.75,0
499,752,France,Male,27,8,849.85,1,0,0,10000.0,0
139,709,France,Female,47,1,6614.11,1,1,1,77815.86,0
63,764,Germany,Female,24,6,16135.37,1,1,0,54778.11,0
472,589,Germany,Male,18,5,869.29,2,1,1,25323.85,0
648,748,Spain,Male,37,3,34719.76,2,0,0,56519.17,1
129,643,France,Male,39,4,458.98,3,1,0,10000.0,0
977,762,France,Female,32,7,2476.79,4,1,0,53277.98,1
521,772,France,Female,18,8,3197.46,2,1,1,53791.43,0
839,646,France,Female,49,5,22397.04,1,1,0,65331.64,1
963,702,France,Male,40,7,19009.95,1,0,1,60328.69,0
65,613,France,Male,47,5,12683.31,2,0,0,45159.76,0
813,811,Germany,Male,55,2,892.71,1,1,0,10000.0,0
15,823,France,Male,18,7,5402.25,4,1,1,40347.18,0
157,581,Germany,Female,60,0,32280.87,4,1,1,18585.87,1
41,818,France,Male,46,6,13175.87,1,0,0,60699.07,0
493,593,France,Female,38,10,10433.29,2,1,1,41920.81,0
380,832,Germany,Female,28,8,29537.57,1,0,0,49370.28,0
188,627,Germany,Male,37,1,6968.93,1,0,0,15255.5,0
764,489,Spain,Female,36,0,15630.96,1,1,1,38856.06,1
217,582,France,Male,28,5,5578.16,2,0,1,48178.56,0
792,661,Spain,Male,40,5,4640.55,2,0,1,103707.42,0
53,699,Spain,Male,29,2,5943.62,3,1,0,38782.61,0
879,481,Spain,Male,37,5,6149.76,1,0,0,56304.87,1
338,619,Germany,Female,34,6,4657.04,2,1,0,10000.0,1
749,668,Spain,Male,30,0,810.79,1,1,0,39192.47,1
720,606,Spain,Male,37,3,900.52,1,1,0,68929.42,1
725,556,Spain,Male,40,3,4066.23,4,1,0,81666.53,1
296,640,Germany,Male,29,6,1206.39,1,1,0,53765.06,1
702,698,Spain,Female,50,3,18032.9,2,1,0,85037.51,0
252,733,France,Female,49,2,7855.01,2,1,1,31494.19,0
727,596,Germany,Female,38,1,8810.55,2,1,1,47171.04,0
462,527,France,Male,38,5,5658.39,1,0,1,104643.27,1
456,473,Spain,Male,28,3,8270.34,1,1,1,74173.92,1
997,647,Germany,Male,59,8,36987.09,2,0,1,20311.17,0
816,560,France,Female,20,7,15805.33,1,1,1,34545.62,0
863,729,France,Male,56,8,7841.32,1,0,0,66172.61,1
270,773,France,Female,39,4,13547.78,2,1,1,99634.51,1
202,607,Spain,Female,44,3,1380.01,4,0,0,40499.08,1
162,850,France,Female,47,5,26921.8,2,1,1,53549.5,0
556,686,France,Male,33,0,7551.34,1,0,0,16901.22,1
730,833,France,Male,28,3,12483.23,2,1,1,68533.0,0
402,703,Germany,Male,30,3,42640.07,1,0,1,68066.87,0
703,713,Spain,Male,29,0,4547.08,2,1,1,19778.53,1
477,637,France,Female,44,5,6641.06,1,1,1,45653.15,1
822,657,Spain,Male,54,4,22658.36,1,0,1,10000.0,1
772,819,Germany,Female,31,2,2903.5,1,1,0,92440.59,0
106,546,France,Male,42,4,4018.44,1,1,0,97563.96,0
566,621,France,Male,33,4,5338.65,1,0,1,78584.95,0
390,574,Spain,Male,31,1,16254.17,2,1,0,40349.94,0
2,742,France,Female,36,6,733.2,1,1,0,10000.0,0
938,696,Spain,Female,46,7,3357.34,2,1,1,65954.67,1
983,587,France,Male,26,7,4060.22,1,0,1,10000.0,1
562,575,Spain,Female,62,8,13572.64,4,1,0,43914.74,1
81,615,France,Female,35,8,5921.7,1,0,1,27711.41,0
206,654,France,Female,26,4,4401.61,1,1,1,66117.25,0
35,601,Spain,Male,47,10,6076.94,1,0,1,29160.04,1
776,517,Spain,Male,19,10,9073.15,1,1,1,15948.92,0
509,658,Spain,Female,38,4,2785.57,1,1,0,21903.04,1
428,539,France,Female,46,7,182.47,4,1,0,52278.12,0
455,706,France,Female,31,7,17537.0,2,1,0,10000.0,1
367,647,France,Female,40,4,15266.87,2,1,1,57029.8,0
92,646,Spain,Male,49,3,10978.35,4,0,1,27850.73,0
340,667,France,Female,31,5,6712.9,1,1,1,10000.0,0
898,809,Spain,Female,39,3,5580.38,2,1,1,91599.66,1
565,723,Spain,Male,52,7,922.71,2,1,1,44620.09,1
346,501,Spain,Male,40,6,9830.75,3,1,1,10000.0,0
777,588,Germany,Female,29,3,4557.51,2,1,0,32903.78,1
242,629,Germany,Female,36,3,4065.34,2,1,1,87450.29,0
14,581,Spain,Female,18,5,9943.03,4,1,0,26499.6,0
316,518,Spain,Male,38,4,4488.94,1,1,0,78453.76,1
601,631,Germany,Female,47,6,29481.83,1,0,0,64216.12,1
388,806,France,Female,60,9,4318.75,2,1,0,12002.68,0
274,618,France,Male,38,4,20746.37,3,1,0,106350.95,1
167,788,France,Female,47,5,6153.77,1,0,0,45633.8,1
841,637,France,Male,37,0,4034.68,2,1,0,14466.25,0
993,768,France,Male,35,4,19625.69,4,1,0,54083.37,0
647,631,France,Female,18,9,10427.61,3,1,1,23554.08,0
819,628,France,Male,38,6,3115.22,1,1,0,43352.0,0
485,672,Germany,Male,28,3,4490.54,4,1,0,39766.49,0
981,552,Germany,Female,47,3,13450.55,2,1,1,47517.14,0
505,632,France,Female,30,8,382.9,1,1,1,13083.57,0
832,673,Spain,Female,26,1,3864.98,2,0,0,76202.92,0
244,548,Germany,Male,48,0,2729.18,1,1,0,75772.98,1
567,656,France,Female,18,6,13869.38,3,1,0,53753.39,1
876,789,France,Female,59,1,13680.53,3,1,0,30739.38,1
563,407,Spain,Female,48,5,3281.8,1,1,0,51412.77,1
687,603,France,Male,35,3,18676.31,1,1,0,27857.16,0
190,553,Spain,Female,19,4,14002.94,3,1,0,102485.19,1
783,499,Spain,Male,42,1,27578.22,1,1,0,39123.07,1
700,667,France,Male,35,6,65436.72,2,0,0,40471.56,0
476,714,France,Female,35,3,5845.71,2,0,0,49741.19,0
682,647,France,Male,24,3,24667.39,1,1,1,105240.14,1
511,535,France,Female,41,0,1842.07,1,1,1,111496.8,0
59,704,France,Female,41,7,6542.79,4,0,1,74062.56,1
475,571,Spain,Female,57,2,15275.06,1,1,0,55320.61,0
561,647,Spain,Female,41,4,8147.54,1,1,1,45998.14,1
857,789,Spain,Female,28,2,19980.68,2,0,0,42907.33,0
748,700,France,Male,28,6,21308.03,2,0,0,61990.63,1
253,450,Germany,Male,63,7,8023.2,2,1,1,103024.84,0
22,592,Germany,Female,35,5,13319.4,2,1,1,34054.78,1
314,705,France,Female,47,2,16186.09,1,0,1,83355.73,0
460,717,France,Male,23,6,8412.13,2,1,1,38007.03,0
161,400,France,Male,26,3,8366.91,2,1,0,27344.62,1
277,850,France,Male,40,5,3845.24,4,1,0,13952.24,1
956,787,France,Male,51,6,6575.87,1,1,0,54800.11,0
192,516,France,Female,48,4,7916.77,1,1,1,103978.03,1
386,679,Spain,Male,39,5,1316.12,1,1,1,36392.6,0
806,491,Spain,Female,34,0,1489.61,2,0,1,60283.94,1
414,850,France,Male,53,6,22440.62,2,0,1,43684.38,1
492,850,Spain,Female,55,2,8608.25,2,1,0,55727.37,0
344,769,Spain,Female,31,7,1533.63,1,0,0,60369.61,1
770,705,France,Male,59,7,3178.88,4,1,0,67748.32,0
309,758,France,Male,44,6,181.94,2,1,1,10000.0,0
662,638,Spain,Male,31,5,4838.74,4,1,0,27355.07,0
131,682,France,Female,19,7,3694.96,2,1,1,83260.81,1
664,589,Spain,Female,31,1,12542.0,3,0,0,36674.9,1
872,628,France,Male,28,10,4393.27,2,1,1,21609.1,1
100,684,Spain,Male,35,4,12642.94,1,0,1,24560.38,1
373,512,France,Female,55,5,2348.44,4,1,1,10000.0,1
88,673,Spain,Male,41,4,5428.73,1,0,0,63533.03,1
459,778,Germany,Male,31,4,2325.77,1,1,1,73025.65,0
331,803,Spain,Female,37,10,13600.53,2,1,1,78837.57,0
215,620,Spain,Female,34,2,9003.56,3,1,0,26776.84,1
467,816,Spain,Female,45,9,30303.74,1,0,1,10000.0,0
122,768,France,Male,27,1,71.17,1,1,1,10000.0,0
615,631,France,Female,67,5,3131.52,2,0,0,52544.71,1
21,702,Germany,Female,55,5,2376.31,2,1,1,52654.57,0
701,685,Germany,Female,31,6,251.3,2,1,1,65092.83,0
72,697,France,Male,56,2,4085.8,1,1,1,48054.46,0
107,711,Germany,Male,60,3,2854.01,2,1,0,121630.3,0
271,759,France,Female,55,3,536.95,3,0,0,11174.12,0
861,636,France,Male,40,3,4662.62,2,1,0,41511.75,0
436,678,Germany,Male,38,4,19074.21,1,0,1,80920.81,1
103,850,France,Female,33,8,9532.13,2,1,0,21113.71,0
